"name","phone","website","email","email_status","address","latitude","longitude","rating","rating_count","category","search_term","search_type","search_location","url"
"RK Air Conditioner","+91 90279 10913",,"","","Shop No-6, Mukhiya Ji Market, Sector 137 Rd, near Paras Tierea, Sector 90, Noida, Uttar Pradesh 201304, India",28.5123772,77.4116866,4.6,"1726","Air conditioning repair service","ac service","Google Maps","Noida, Uttar Pradesh, India","https://www.google.com/maps/place/RK+Air+Conditioner/data=!4m7!3m6!1s0x390ce990047bc6ab:0x1829ce7feeb0e364!8m2!3d28.5123772!4d77.4116866!16s%2Fg%2F11rmvwj6f9!19sChIJq8Z7BJDpDDkRZOOw7n_OKRg?authuser=0&hl=en&rclk=1"
"Kapoor Ac service","+91 70551 35010",,"","","Flat no 1938, near golf course metro station, Arun Vihar, Sector 37, Noida, Uttar Pradesh 201303, India",28.5670458,77.3417748,4.7,"148","Air conditioning repair service","ac service","Google Maps","Noida, Uttar Pradesh, India","https://www.google.com/maps/place/Kapoor+Ac+service/data=!4m7!3m6!1s0x390ce5e7303b8c37:0x15bfafce604b6f0!8m2!3d28.5670458!4d77.3417748!16s%2Fg%2F11s3gf8wys!19sChIJN4w7MOflDDkR8LYE5vz6WwE?authuser=0&hl=en&rclk=1"
"GK Air Conditioner Refrigeration Repairing Service Center | AC service, AC repair, AC gas filing , AC installation in Noida","+91 93157 19396",,"","","near Asquare Mall, Sarfabad Village, Sarfabad, Sector 73, Noida, Uttar Pradesh 201316, India",28.5849172,77.3869482,4.8,"141","Air conditioning repair service","ac service","Google Maps","Noida, Uttar Pradesh, India","https://www.google.com/maps/place/GK+Air+Conditioner+Refrigeration+Repairing+Service+Center+%7C+AC+service,+AC+repair,+AC+gas+filing+,+AC+installation+in+Noida/data=!4m7!3m6!1s0x390cef2a2372d6c1:0xb287f64f51b38271!8m2!3d28.5849172!4d77.3869482!16s%2Fg%2F11rfpddpvd!19sChIJwdZyIyrvDDkRcYKzUU_2h7I?authuser=0&hl=en&rclk=1"
"Super ac repair service","+91 97561 14005",,"","","shop no.5, Bhagat Singh Mkt, road, near Bihan Haritage, Sector 1, Aimnabad, Bisrakh Jalalpur, Greater Noida, Bisrakh Jalalpur, Uttar Pradesh 201318, India",28.5630942,77.4460403,4.9,"49","Air conditioning repair service","ac service","Google Maps","Noida, Uttar Pradesh, India","https://www.google.com/maps/place/Super+ac+repair+service/data=!4m7!3m6!1s0x390cef88bd67f871:0x40bffe2deb2cfad!8m2!3d28.5630942!4d77.4460403!16s%2Fg%2F11t6wrdprm!19sChIJcfhnvYjvDDkRrc-y3uL_CwQ?authuser=0&hl=en&rclk=1"
"New Tech Air Conditioner","+91 97162 25570",,"","","Shop No 1, Bhari Market, Vill, Suthiyana, Greater Noida, Habibpur, Uttar Pradesh 201318, India",28.5307324,77.4502938,4.7,"87","Air conditioning repair service","ac service","Google Maps","Noida, Uttar Pradesh, India","https://www.google.com/maps/place/New+Tech+Air+Conditioner/data=!4m7!3m6!1s0x390cea7e98cd1a71:0xa4f08db1a5f8d350!8m2!3d28.5307324!4d77.4502938!16s%2Fg%2F11cnkm2l2c!19sChIJcRrNmH7qDDkRUNP4pbGN8KQ?authuser=0&hl=en&rclk=1"
"ROYAL AC REPAIR SERVICE","+91 78275 25891",,"","","Shop No.3, pramukh market, near inden gas agency, Sector 1, Aimnabad, Bisrakh Jalalpur, Greater Noida, Bisrakh Jalalpur, Uttar Pradesh 201318, India",28.564096,77.4469966,4.9,"39","Air conditioning repair service","ac service","Google Maps","Noida, Uttar Pradesh, India","https://www.google.com/maps/place/ROYAL+AC+REPAIR+SERVICE/data=!4m7!3m6!1s0x390cef5aaa0fe807:0x4f11dd26a642d56!8m2!3d28.564096!4d77.4469966!16s%2Fg%2F11xgk_p9z_!19sChIJB-gPqlrvDDkRVi1katId8QQ?authuser=0&hl=en&rclk=1"
"A One Air Conditioner","+91 95407 44386",,"","","Shop No 1, Sector 1, Bisrakh Jalalpur, Greater Noida, Bisrakh Jalalpur, Uttar Pradesh 201318, India",28.5732936,77.4412763,4.9,"36","Electronics repair shop","ac service","Google Maps","Noida, Uttar Pradesh, India","https://www.google.com/maps/place/A+One+Air+Conditioner/data=!4m7!3m6!1s0x390cef43d72920e3:0x6b9cb3160d2ea8d5!8m2!3d28.5732936!4d77.4412763!16s%2Fg%2F11t2_kvzqw!19sChIJ4yAp10PvDDkR1aguDRaznGs?authuser=0&hl=en&rclk=1"
"Shakeel Ac repair Service","+91 92591 07421",,"","","Shop no.2a, Palm Vill. Society, near Inden gas agency, Sector 1, Aimnabad, Bisrakh Jalalpur, Greater Noida, Bisrakh Jalalpur, Uttar Pradesh 201318, India",28.5609966,77.4451667,4.9,"74","Air conditioning repair service","ac service","Google Maps","Noida, Uttar Pradesh, India","https://www.google.com/maps/place/Shakeel+Ac+repair+Service/data=!4m7!3m6!1s0x390cef1df21449f1:0x9f817def67d4ef15!8m2!3d28.5609966!4d77.4451667!16s%2Fg%2F11ww0jjvx8!19sChIJ8UkU8h3vDDkRFe_UZ-99gZ8?authuser=0&hl=en&rclk=1"
"Asian Aircon/:ac repair service/ ac installation service/ ac gas filling service","+91 99993 02654",,"","","NCR Region, 12, Near Guitar Society Aimnabad, Bisrakh Jalalpur, Greater Noida, Uttar Pradesh 201318, India",28.5550744,77.4458849,4.9,"105","Appliance repair service","ac service","Google Maps","Noida, Uttar Pradesh, India","https://www.google.com/maps/place/Asian+Aircon%2F:ac+repair+service%2F+ac+installation+service%2F+ac+gas+filling+service/data=!4m7!3m6!1s0x390ceeca933ba643:0x2b99085d53af4de4!8m2!3d28.5550744!4d77.4458849!16s%2Fg%2F11tcwlh2w8!19sChIJQ6Y7k8ruDDkR5E2vU10ImSs?authuser=0&hl=en&rclk=1"
"AC WaLa","+91 88741 21390",,"","","shop no.2, near Royal form, Sector 1, Aimnabad, Bisrakh Jalalpur, Greater Noida, Bisrakh Jalalpur, Uttar Pradesh 201318, India",28.5621758,77.4457582,4.7,"40","Repair service","ac service","Google Maps","Noida, Uttar Pradesh, India","https://www.google.com/maps/place/AC+WaLa/data=!4m7!3m6!1s0x390cef62cc627801:0x91581e6eca1c222d!8m2!3d28.5621758!4d77.4457582!16s%2Fg%2F11trjxcxqg!19sChIJAXhizGLvDDkRLSIcym4eWJE?authuser=0&hl=en&rclk=1"
"NCR REFRIGERATIONS |ac repair service |ac install & uninstall |ac on rent |ac copper pipe under ground line","+91 90453 03203",,"","","Shop No. 4A, Bisakh Thana Road, opposite Little Millennium school, Sector 1, Bisrakh Jalalpur, Greater Noida, Uttar Pradesh 201318, India",28.5733253,77.4471877,5,"35","Air conditioning repair service","ac service","Google Maps","Noida, Uttar Pradesh, India","https://www.google.com/maps/place/NCR+REFRIGERATIONS+%7Cac+repair+service+%7Cac+install+%26+uninstall+%7Cac+on+rent+%7Cac+copper+pipe+under+ground+line/data=!4m7!3m6!1s0x390ce90f03897275:0x3c67033445553494!8m2!3d28.5733253!4d77.4471877!16s%2Fg%2F11y3mc_55y!19sChIJdXKJAw_pDDkRlDRVRTQDZzw?authuser=0&hl=en&rclk=1"
"Falak Engineering",,,"","","Shop no. 04, Main, Bisrakh Rd, near Post office, Sector 1, Bisrakh Jalalpur, Greater Noida, Bisrakh Jalalpur, Uttar Pradesh 201318, India",28.5743881,77.4426547,4.7,"108","Air conditioning repair service","ac service","Google Maps","Noida, Uttar Pradesh, India","https://www.google.com/maps/place/Falak+Engineering/data=!4m7!3m6!1s0x390cef45567c2e39:0x1201a41d055ccf55!8m2!3d28.5743881!4d77.4426547!16s%2Fg%2F11r6v0bb7j!19sChIJOS58VkXvDDkRVc9cBR2kARI?authuser=0&hl=en&rclk=1"
"Achint Refrigeration and Ac repairs Limited",,,"","","Shop No. LGF-003, krystal heights, Greater Noida W Rd, Sector 1, Aimnabad, Bisrakh Jalalpur, Noida, Bisrakh Jalalpur, Uttar Pradesh 201318, India",28.5616972,77.4501518,5,"1","Repair service","ac service","Google Maps","Noida, Uttar Pradesh, India","https://www.google.com/maps/place/Achint+Refrigeration+and+Ac+repairs+Limited/data=!4m7!3m6!1s0x390cefcf1e02a121:0xfdd6b498204d5087!8m2!3d28.5616972!4d77.4501518!16s%2Fg%2F11z4z8dd7w!19sChIJIaECHs_vDDkRh1BNIJi01v0?authuser=0&hl=en&rclk=1"
"Nitin Ac Repair Service","+91 88595 11134",,"","","Ma Bhagwati Plaza, 15, opposite Rhythm County Society, Aimnabad, Greater Noida, Uttar Pradesh 201318, India",28.5550717,77.4452164,5,"16","Air conditioning repair service","ac service","Google Maps","Noida, Uttar Pradesh, India","https://www.google.com/maps/place/Nitin+Ac+Repair+Service/data=!4m7!3m6!1s0x390cef56dd6be7fd:0xc7e4622816e8a04c!8m2!3d28.5550717!4d77.4452164!16s%2Fg%2F11x6t2p7t3!19sChIJ_edr3VbvDDkRTKDoFihi5Mc?authuser=0&hl=en&rclk=1"
"Royal Air Conditioner |ac repair service|ac gas filling service|ac installation service|ac pcb repair|ac on rent","+91 90693 64662",,"","","shop no.11, MS Plaza, near Inden gas agency, Sector 1, Aimnabad, Bisrakh Jalalpur, Greater Noida, Bisrakh Jalalpur, Uttar Pradesh 201306, India",28.5636717,77.4465971,4.7,"21","Air conditioning repair service","ac service","Google Maps","Noida, Uttar Pradesh, India","https://www.google.com/maps/place/Royal+Air+Conditioner+%7Cac+repair+service%7Cac+gas+filling+service%7Cac+installation+service%7Cac+pcb+repair%7Cac+on+rent/data=!4m7!3m6!1s0x390cef8aa4896a01:0x58cdd7954a649ca6!8m2!3d28.5636717!4d77.4465971!16s%2Fg%2F11txhqswc6!19sChIJAWqJpIrvDDkRppxkSpXXzVg?authuser=0&hl=en&rclk=1"
"Arman ac home service","+91 99971 72720",,"","","Khairpur Gurjar, Knowledge Park V, Greater Noida, Uttar Pradesh 201306, India",28.5683539,77.4688447,5,"19","Electrical installation service","ac service","Google Maps","Noida, Uttar Pradesh, India","https://www.google.com/maps/place/Arman+ac+home+service/data=!4m7!3m6!1s0x390cefa5444e35fb:0x17c374e0d1545a20!8m2!3d28.5683539!4d77.4688447!16s%2Fg%2F11x1967n3y!19sChIJ-zVORKXvDDkRIFpU0eB0wxc?authuser=0&hl=en&rclk=1"
"Super Bright Electrical/A.C/ Refrigeration & R.O services.(All home appliances service and repair)","+91 99714 12251",,"","","Twin county Ace divino sector 01 aimnabad bisrakh, road, sector 01, Greater Noida, Uttar Pradesh 201318, India",28.5573267,77.4424039,4.5,"41","Water filter supplier","ac service","Google Maps","Noida, Uttar Pradesh, India","https://www.google.com/maps/place/Super+Bright+Electrical%2FA.C%2F+Refrigeration+%26+R.O+services.%28All+home+appliances+service+and+repair%29/data=!4m7!3m6!1s0x390cef04eeea33df:0x1f13d06498228c20!8m2!3d28.5573267!4d77.4424039!16s%2Fg%2F11rcjkfffs!19sChIJ3zPq7gTvDDkRIIwimGTQEx8?authuser=0&hl=en&rclk=1"
"Mohit AC Service","+91 99992 74130",,"","","Office No 19, Upper Ground Floor, Twin City walk, Sector 1, Noida Extension, Patwari, Greater Noida, Bisrakh Jalalpur, Uttar Pradesh 201306, India",28.5613241,77.4551183,5,"4","Home help","ac service","Google Maps","Noida, Uttar Pradesh, India","https://www.google.com/maps/place/Mohit+AC+Service/data=!4m7!3m6!1s0x390cef79f16142e7:0x9c4b0bfb33268cf8!8m2!3d28.5613241!4d77.4551183!16s%2Fg%2F11z4sv_v8v!19sChIJ50Jh8XnvDDkR-IwmM_sLS5w?authuser=0&hl=en&rclk=1"
"AC Repairing and Service","+91 85958 50592",,"","","Coco County, Vaidpura, Greater Noida, Uttar Pradesh 203207, India",28.5706905,77.480549,5,"7","Machine repair service","ac service","Google Maps","Noida, Uttar Pradesh, India","https://www.google.com/maps/place/AC+Repairing+and+Service/data=!4m7!3m6!1s0x390ced001cdc00fb:0x61d5b0b83c88b874!8m2!3d28.5706905!4d77.480549!16s%2Fg%2F11z2r_7jv_!19sChIJ-wDcHADtDDkRdLiIPLiw1WE?authuser=0&hl=en&rclk=1"
"High Cool Air Condition -ac rent noida\window ac rent in noida\window ac rent in greater noida","+91 98375 11693",,"","","shop no-2, near krishna dryclean, UPSIDC Site A, Surajpur, Greater Noida, Habibpur, Uttar Pradesh 201306, India",28.528207,77.4704037,4.4,"65","Air conditioning repair service","ac service","Google Maps","Noida, Uttar Pradesh, India","https://www.google.com/maps/place/High+Cool+Air+Condition+-ac+rent+noida%5Cwindow+ac+rent+in+noida%5Cwindow+ac+rent+in+greater+noida/data=!4m7!3m6!1s0x390ceb9b3acedf81:0x273a0db4c53d46ca!8m2!3d28.528207!4d77.4704037!16s%2Fg%2F11kb1shrdr!19sChIJgd_OOpvrDDkRykY9xbQNOic?authuser=0&hl=en&rclk=1"
"Manvi Aircon","+91 97174 35636",,"","","near Chamunda Mandir, Sector 2, Patwari, Greater Noida, Uttar Pradesh 201318, India",28.5773331,77.4474708,4,"33","Air conditioning repair service","ac service","Google Maps","Noida, Uttar Pradesh, India","https://www.google.com/maps/place/Manvi+Aircon/data=!4m7!3m6!1s0x390cee954b8c0c87:0x2ec58332f4f50016!8m2!3d28.5773331!4d77.4474708!16s%2Fg%2F11gdp_wf77!19sChIJhwyMS5XuDDkRFgD19DKDxS4?authuser=0&hl=en&rclk=1"
"Bharat Car Ac",,,"","","Main Dadri road, road, Kulesara, Haldwani, Uttar Pradesh 201306, India",28.5326036,77.4390373,5,"1","Air conditioning repair service","ac service","Google Maps","Noida, Uttar Pradesh, India","https://www.google.com/maps/place/Bharat+Car+Ac/data=!4m7!3m6!1s0x390ce9006db2838d:0xf6712cd56ed96305!8m2!3d28.5326036!4d77.4390373!16s%2Fg%2F11z7t3h31v!19sChIJjYOybQDpDDkRBWPZbtUscfY?authuser=0&hl=en&rclk=1"
"Sahil Refrigeration & ac spare parts","+91 88828 05852",,"","","shop no 6, Ms Lele Markeet, Stellar Jevan apartment gate no 4, Aimnabad, Bisrakh Jalalpur, Uttar Pradesh 201306, India",28.5658718,77.4468542,4,"23","Electrical repair shop","ac service","Google Maps","Noida, Uttar Pradesh, India","https://www.google.com/maps/place/Sahil+Refrigeration+%26+ac+spare+parts/data=!4m7!3m6!1s0x390cef53ed82462b:0x2fe7f03631639f5d!8m2!3d28.5658718!4d77.4468542!16s%2Fg%2F11ghs2qxqm!19sChIJK0aC7VPvDDkRXZ9jMTbw5y8?authuser=0&hl=en&rclk=1"
"City refrigeration","+91 80574 28063",,"","","Shop No.8, Badmi market, near by yatharth hospital.gratar, sector.1, Garatar, Bisrakh Jalalpur, Noida, Bisrakh Jalalpur, Uttar Pradesh 201318, India",28.5685119,77.4337127,4.3,"35","Air conditioning repair service","ac service","Google Maps","Noida, Uttar Pradesh, India","https://www.google.com/maps/place/City+refrigeration/data=!4m7!3m6!1s0x390cef277664e361:0x4d1a169da84f751e!8m2!3d28.5685119!4d77.4337127!16s%2Fg%2F11rnk1f_vr!19sChIJYeNkdifvDDkRHnVPqJ0WGk0?authuser=0&hl=en&rclk=1"
"Divyansh ji Electricals Deal in AC on rent andOld AC sell and purchase","+91 98704 07100",,"","","Baba indane gas agency, Land mark, 130m Noida Greater Noida link road, Sector 3 Rd, Khairpur Gurjar, Knowledge Park V, Greater Noida, Uttar Pradesh 201306, India",28.571048,77.4678681,5,"25","Air conditioning store","ac service","Google Maps","Noida, Uttar Pradesh, India","https://www.google.com/maps/place/Divyansh+ji+Electricals+Deal+in+AC+on+rent+andOld+AC+sell+and+purchase/data=!4m7!3m6!1s0x390cef746c2a6e7f:0x9542730f228059d2!8m2!3d28.571048!4d77.4678681!16s%2Fg%2F11vzyhhbc9!19sChIJf24qbHTvDDkR0lmAIg9zQpU?authuser=0&hl=en&rclk=1"
"Aahan Airpool, AC, LED/LCD TV, Fridge, Geyser, Washing Machine",,,"","","Shop Number 15, Market, Aahan Airpool, Sector 1, Bisrakh Jalalpur, Greater Noida, Uttar Pradesh 201318, India",28.5767359,77.4378205,5,"6","Air conditioning repair service","ac service","Google Maps","Noida, Uttar Pradesh, India","https://www.google.com/maps/place/Aahan+Airpool,+AC,+LED%2FLCD+TV,+Fridge,+Geyser,+Washing+Machine/data=!4m7!3m6!1s0x390cef00783ccc17:0x84a6e6c0f17411ed!8m2!3d28.5767359!4d77.4378205!16s%2Fg%2F11zjl1bk1l!19sChIJF8w8eADvDDkR7RF08cDmpoQ?authuser=0&hl=en&rclk=1"
"Haniya Ac Repair And Service",,,"","","Gurukul shanti dham ashram, Modipon Vihar, Sector 14, Kaushambi, Ghaziabad, Uttar Pradesh 201010, India",28.6382927,77.3266067,5,"6","Home health care service","ac service","Google Maps","Noida, Uttar Pradesh, India","https://www.google.com/maps/place/Haniya+Ac+Repair+And+Service/data=!4m7!3m6!1s0x390cfb00d4b32231:0x7cd3cbc2dda79a5f!8m2!3d28.6382927!4d77.3266067!16s%2Fg%2F11npyjkjvl!19sChIJMSKz1AD7DDkRX5qn3cLL03w?authuser=0&hl=en&rclk=1"
"S K COOL WORK - AC Repair","+91 98118 72664",,"","","44/5/2, near sai mandir, East Laxmi Market, East Guru Angad Nagar, Swasthya Vihar, New Delhi, Delhi, 110092, India",28.641889,77.2842913,4.8,"207","Air conditioning repair service","ac service","Google Maps","Noida, Uttar Pradesh, India","https://www.google.com/maps/place/S+K+COOL+WORK+-+AC+Repair/data=!4m7!3m6!1s0x390cfdfac946eb9f:0xc56a43341c990c17!8m2!3d28.641889!4d77.2842913!16s%2Fg%2F11q947lrg8!19sChIJn-tGyfr9DDkRFwyZHDRDasU?authuser=0&hl=en&rclk=1"
"Muskan Air Conditioning Systems | AC Service and Repair | AC Gas Filling and leak fix | AC Installation | HVAC Contracts","+91 98710 78415",,"","","21, D D A Market, Swasthya Vihar, New Delhi, Delhi 110092, India",28.6410432,77.2910721,4.9,"179","Air conditioning repair service","ac service","Google Maps","Noida, Uttar Pradesh, India","https://www.google.com/maps/place/Muskan+Air+Conditioning+Systems+%7C+AC+Service+and+Repair+%7C+AC+Gas+Filling+and+leak+fix+%7C+AC+Installation+%7C+HVAC+Contracts/data=!4m7!3m6!1s0x390cfb56f7ea77db:0x743fdec8cddf0287!8m2!3d28.6410432!4d77.2910721!16s%2Fg%2F1vtqtgrp!19sChIJ23fq91b7DDkRhwLfzcjeP3Q?authuser=0&hl=en&rclk=1"
"Sejal Enterprises (AC Services)fridge repir vrv ac sarvices washing Machine repair fully automatic","+91 99903 39109",,"","","A-435, Durga Gali, Buddha Marg, Mandawali, Delhi, 110092, India",28.6252751,77.2943563,4.8,"82","Air conditioning repair service","ac service","Google Maps","Noida, Uttar Pradesh, India","https://www.google.com/maps/place/Sejal+Enterprises+%28AC+Services%29fridge+repir+vrv+ac+sarvices+washing+Machine+repair+fully+automatic/data=!4m7!3m6!1s0x390ce55989f818c1:0x6b74893df5280a64!8m2!3d28.6252751!4d77.2943563!16s%2Fg%2F11jn64r8_6!19sChIJwRj4iVnlDDkRZAoo9T2JdGs?authuser=0&hl=en&rclk=1"
"AC Service Center","+91 99992 34197",,"","","F -28, Jawahar Park, Block G, Vishwakarma Park, Laxmi Nagar, Delhi, 110092, India",28.6379237,77.2729175,4.7,"57","Air conditioning repair service","ac service","Google Maps","Noida, Uttar Pradesh, India","https://www.google.com/maps/place/AC+Service+Center/data=!4m7!3m6!1s0x390cfd4c38c954cf:0x368c65b58e60a94e!8m2!3d28.6379237!4d77.2729175!16s%2Fg%2F11rjqc603n!19sChIJz1TJOEz9DDkRTqlgjrVljDY?authuser=0&hl=en&rclk=1"
"Ranjeet cool tech,(ac service &ac repair)","+91 70110 87143",,"","","Shyam Niwas, F262/263, behind Paliwal Dharamshala, Veer Savarkar Block, Block D, Laxmi Nagar, New Delhi, Delhi, 110092, India",28.6324936,77.2781275,4.7,"20","Refrigerator repair service","ac service","Google Maps","Noida, Uttar Pradesh, India","https://www.google.com/maps/place/Ranjeet+cool+tech,%28ac+service+%26ac+repair%29/data=!4m7!3m6!1s0x390cfd13f4d9476f:0xdaac2b72275f7c40!8m2!3d28.6324936!4d77.2781275!16s%2Fg%2F11x90472n_!19sChIJb0fZ9BP9DDkRQHxfJ3IrrNo?authuser=0&hl=en&rclk=1"
"True Cool Aircon , Best ac service repairing in noida.","+91 98113 28344",,"","","Shop No: A, block phool shing Market, A Block, sector 22, Sector 7, Noida, Uttar Pradesh 201301, India",28.5945899,77.3139328,4.9,"299","Air conditioning repair service","ac service","Google Maps","Noida, Uttar Pradesh, India","https://www.google.com/maps/place/True+Cool+Aircon+,+Best+ac+service+repairing+in+noida./data=!4m7!3m6!1s0x390ce5dd79c74cc1:0xb835b90125a5daa7!8m2!3d28.5945899!4d77.3139328!16s%2Fg%2F11vd893j92!19sChIJwUzHed3lDDkRp9qlJQG5Nbg?authuser=0&hl=en&rclk=1"
"Kaushambi Ac Repair And Service Center","+91 88105 83710",,"","","Pushp Vihar, Modipon Vihar, Sector 14, Kaushambi, Ghaziabad, Uttar Pradesh 201010, India",28.6377698,77.3252228,4.6,"12","Air conditioning repair service","ac service","Google Maps","Noida, Uttar Pradesh, India","https://www.google.com/maps/place/Kaushambi+Ac+Repair+And+Service+Center/data=!4m7!3m6!1s0x390cfbf0d5d33cf7:0x9bb862cd00b00995!8m2!3d28.6377698!4d77.3252228!16s%2Fg%2F11nb3gpjl5!19sChIJ9zzT1fD7DDkRlQmwAM1iuJs?authuser=0&hl=en&rclk=1"
"Baldev ac service","+91 95821 58201",,"","","Dallupura, New Delhi, Delhi 11096, Dallupura, New Delhi, Delhi 110096, India",28.6060758,77.3193435,5,"2","Air conditioning repair service","ac service","Google Maps","Noida, Uttar Pradesh, India","https://www.google.com/maps/place/Baldev+ac+service/data=!4m7!3m6!1s0x390ce52d5ec647c9:0x8106685100e6ffef!8m2!3d28.6060758!4d77.3193435!16s%2Fg%2F11tgf17yl0!19sChIJyUfGXi3lDDkR7__mAFFoBoE?authuser=0&hl=en&rclk=1"
"Capital Ac Repair","+91 95409 03786",,"","","317B, Gali no3, Rani Garden, Shastri Nagar, Geeta Colony, Delhi, 110031, India",28.6464301,77.2720222,5,"16","Air conditioning repair service","ac service","Google Maps","Noida, Uttar Pradesh, India","https://www.google.com/maps/place/Capital+Ac+Repair/data=!4m7!3m6!1s0x390cfd986fadce65:0xccc2c41b30b63c13!8m2!3d28.6464301!4d77.2720222!16s%2Fg%2F11pxmb18p_!19sChIJZc6tb5j9DDkREzy2MBvEwsw?authuser=0&hl=en&rclk=1"
"S.K. Car A/C","+91 92683 95174",,"","","F-42, opp. Gurudwara Road, Madhu Vihar, I.P.Extension, Patparganj, Delhi, 110092, India",28.637195,77.3027539,4.9,"106","Auto air conditioning service","ac service","Google Maps","Noida, Uttar Pradesh, India","https://www.google.com/maps/place/S.K.+Car+A%2FC/data=!4m7!3m6!1s0x390cfb4b0c014859:0xce9e4059e8ef484d!8m2!3d28.637195!4d77.3027539!16s%2Fg%2F11b7q2qgyr!19sChIJWUgBDEv7DDkRTUjv6FlAns4?authuser=0&hl=en&rclk=1"
"Delta Aircon","+91 93351 50227",,"","","shop no.2, D-95, West Vinod Nagar, Block D, Mandawali, Delhi, 110092, India",28.6245297,77.2971142,5,"27","Air conditioning repair service","ac service","Google Maps","Noida, Uttar Pradesh, India","https://www.google.com/maps/place/Delta+Aircon/data=!4m7!3m6!1s0x390ce5595e88d5cb:0xefcbcc2257c1a541!8m2!3d28.6245297!4d77.2971142!16s%2Fg%2F11tx4k5qwv!19sChIJy9WIXlnlDDkRQaXBVyLMy-8?authuser=0&hl=en&rclk=1"
"Unique Air Conditioning & Refrigerator","+91 98110 33052",,"","","220, Adarsh Mohalla, Awadhpuri, Patparganj, Mayur Vihar, Delhi, 110091, India",28.6113097,77.2910108,4.8,"140","Air conditioning repair service","ac service","Google Maps","Noida, Uttar Pradesh, India","https://www.google.com/maps/place/Unique+Air+Conditioning+%26+Refrigerator/data=!4m7!3m6!1s0x390ce5f6b94a29bf:0xd009d727b827d1f8!8m2!3d28.6113097!4d77.2910108!16s%2Fg%2F11v18wj5kb!19sChIJvylKufblDDkR-NEnuCfXCdA?authuser=0&hl=en&rclk=1"
"Swastik Aircon Authrisd Voltas & Hitachi Service Centre",,,"","","F 215B, near Bal Bhavan Public School Gate 3, Mangal Bazar, Block F, Laxmi Nagar, Delhi, 110092, India",28.6356761,77.2800066,3.7,"74","Air conditioning repair service","ac service","Google Maps","Noida, Uttar Pradesh, India","https://www.google.com/maps/place/Swastik+Aircon+Authrisd+Voltas+%26+Hitachi+Service+Centre/data=!4m7!3m6!1s0x390cfcac05fbd237:0xd58732fd24d31ce5!8m2!3d28.6356761!4d77.2800066!16s%2Fg%2F11f_d81ww9!19sChIJN9L7Baz8DDkR5RzTJP0yh9U?authuser=0&hl=en&rclk=1"
"24/7 Air cool point",,,"","",,28.6322269,77.2759395,5,"28","Air conditioning repair service","ac service","Google Maps","Noida, Uttar Pradesh, India","https://www.google.com/maps/place/24%2F7+Air+cool+point/data=!4m7!3m6!1s0x390cfde7690b7075:0x4f55897dd71d031d!8m2!3d28.6322269!4d77.2759395!16s%2Fg%2F11vrjpbq7r!19sChIJdXALaef9DDkRHQMd132JVU8?authuser=0&hl=en&rclk=1"
"Beat The Heat","+91 85859 11476",,"","","SHOP NO - 13, 2, Vijay Chowk Area, Block J & K, Laxmi Nagar, New Delhi, Delhi, 110092, India",28.632315,77.2748306,4.8,"242","Air conditioning repair service","ac service","Google Maps","Noida, Uttar Pradesh, India","https://www.google.com/maps/place/Beat+The+Heat/data=!4m7!3m6!1s0x390cfd982485c2cd:0xafaac37402341711!8m2!3d28.632315!4d77.2748306!16s%2Fg%2F11f9w6sk02!19sChIJzcKFJJj9DDkRERc0AnTDqq8?authuser=0&hl=en&rclk=1"
"Ai",,,"","","Block J, Block B, 50, Gali No. 13, Vinod Nagar North, Block J, Mandawali, New Delhi, Delhi, 110092, India",28.6190153,77.2803845,5,"9","Air conditioning repair service","ac service","Google Maps","Noida, Uttar Pradesh, India","https://www.google.com/maps/place/Ai/data=!4m7!3m6!1s0x390ce39d9c517f65:0x1e03fa40811cb79e!8m2!3d28.6190153!4d77.2803845!16s%2Fg%2F11mysrvl0_!19sChIJZX9RnJ3jDDkRnrccgUD6Ax4?authuser=0&hl=en&rclk=1"
"Amsol service network",,,"","","Landmark- Bank of baroda, C4/24, Acharya Niketan, Mayur Vihar, New Delhi, Delhi 110091, India",28.6092876,77.2948662,4.2,"214","Air conditioning repair service","ac service","Google Maps","Noida, Uttar Pradesh, India","https://www.google.com/maps/place/Amsol+service+network/data=!4m7!3m6!1s0x390ce59e9f14e801:0x92c130f3d6e5b656!8m2!3d28.6092876!4d77.2948662!16s%2Fg%2F11h1vg4zn8!19sChIJAegUn57lDDkRVrbl1vMwwZI?authuser=0&hl=en&rclk=1"
"Singh Air Conditioner","+91 92052 54540",,"","","Shop no 45, shri banke bihari mkt, Sector 85, Faridabad, Haryana 121007, India",28.3986681,77.351802,4.4,"82","Air conditioning repair service","ac service","Google Maps","Noida, Uttar Pradesh, India","https://www.google.com/maps/place/Singh+Air+Conditioner/data=!4m7!3m6!1s0x390cdce6eff4777d:0x45762bff406bfd83!8m2!3d28.3986681!4d77.351802!16s%2Fg%2F11g03c8bhw!19sChIJfXf07-bcDDkRg_1rQP8rdkU?authuser=0&hl=en&rclk=1"
"Nihan AC service, repair","+91 89307 71182",,"","","Budena Village, Sector 86, Faridabad, Haryana 121007, India",28.4037749,77.3467006,4.7,"46","Air conditioning repair service","ac service","Google Maps","Noida, Uttar Pradesh, India","https://www.google.com/maps/place/Nihan+AC+service,+repair/data=!4m7!3m6!1s0x390cdd6067162ce5:0x5d82ef37db81ac82!8m2!3d28.4037749!4d77.3467006!16s%2Fg%2F11x97b2ppg!19sChIJ5SwWZ2DdDDkRgqyB2zfvgl0?authuser=0&hl=en&rclk=1"
"Priyanka aircon (AC on rent)",,,"","","V304, Bharat Colony, Sector 87, Neharpar Faridabad, Faridabad, Haryana 121014, India",28.4167618,77.3463367,5,"11","Air conditioning repair service","ac service","Google Maps","Noida, Uttar Pradesh, India","https://www.google.com/maps/place/Priyanka+aircon+%28AC+on+rent%29/data=!4m7!3m6!1s0x390cdd003f6b8455:0x33f7720a05ad3b4f!8m2!3d28.4167618!4d77.3463367!16s%2Fg%2F11z00dqqwx!19sChIJVYRrPwDdDDkRTzutBQpy9zM?authuser=0&hl=en&rclk=1"
"Climate Refrigeration & HVAC","+91 98100 88315",,"","","Shop No 2375 sector 7a (sector 7-8, Main Bypass Rd, near Milan Sweets, Faridabad, Haryana 121006, India",28.3680383,77.3284697,4.9,"199","Air conditioning repair service","ac service","Google Maps","Noida, Uttar Pradesh, India","https://www.google.com/maps/place/Climate+Refrigeration+%26+HVAC/data=!4m7!3m6!1s0x390cddba2eb2f5e7:0x14b33ac4e33ae64f!8m2!3d28.3680383!4d77.3284697!16s%2Fg%2F11hz9j0hxs!19sChIJ5_WyLrrdDDkRT-Y648Q6sxQ?authuser=0&hl=en&rclk=1"